2020/07/01,表もこみち,8:41,17:35,02
2020/07/02,表もこみち,8:49,17:40,02
2020/07/03,表もこみち,8:56,17:41,10
2020/07/06,表もこみち,8:47,17:36,06
2020/07/07,表もこみち,8:46,17:49,04
2020/07/08,表もこみち,8:52,17:33,08
2020/07/09,表もこみち,8:57,17:39,00
2020/07/10,表もこみち,8:48,17:30,04
2020/07/13,表もこみち,8:46,17:35,10
2020/07/14,表もこみち,8:52,17:31,00
2020/07/15,表もこみち,8:50,17:41,02
2020/07/16,表もこみち,8:51,17:38,06
2020/07/17,表もこみち,8:53,17:36,00
2020/07/20,表もこみち,8:53,17:37,04
2020/07/21,表もこみち,8:53,17:33,06
2020/07/22,表もこみち,8:59,17:41,02
2020/07/23,表もこみち,8:52,17:45,10
2020/07/24,表もこみち,8:47,17:43,06
2020/07/27,表もこみち,8:45,17:37,02
2020/07/28,表もこみち,8:54,17:34,00
2020/07/29,表もこみち,8:50,17:39,08
2020/07/30,表もこみち,8:48,17:41,02
2020/07/31,表もこみち,8:51,17:36,08