2020/07/01,石神国子,8:53,17:39,08
2020/07/02,石神国子,8:54,17:49,02
2020/07/03,石神国子,8:47,17:30,00
2020/07/06,石神国子,8:53,17:36,02
2020/07/07,石神国子,8:54,17:40,08
2020/07/08,石神国子,8:47,17:49,02
2020/07/09,石神国子,8:54,17:30,06
2020/07/10,石神国子,8:47,17:36,08
2020/07/13,石神国子,8:45,17:35,10
2020/07/14,石神国子,8:54,17:31,02
2020/07/15,石神国子,8:54,17:35,06
2020/07/16,石神国子,8:47,17:40,08
2020/07/17,石神国子,8:45,17:35,00
2020/07/20,石神国子,8:54,17:31,04
2020/07/21,石神国子,8:54,17:35,02
2020/07/22,石神国子,8:53,17:40,06
2020/07/23,石神国子,8:54,17:36,08
2020/07/24,石神国子,8:54,17:41,10
2020/07/27,石神国子,8:53,17:33,08
2020/07/28,石神国子,8:54,17:39,02
2020/07/29,石神国子,8:53,17:36,00
2020/07/30,石神国子,8:54,17:41,02
2020/07/31,石神国子,8:47,17:33,08